Position,Reference_ID,Reference_Base,Variant_ID,Variant_Base,Type
1,MN908947.3,A,PV361325.1,-,Deletion
1,MN908947.3,A,OK091006.1,-,Deletion
1,MN908947.3,A,OM287553.1,-,Deletion
2,MN908947.3,T,PV361325.1,-,Deletion
2,MN908947.3,T,OK091006.1,-,Deletion
2,MN908947.3,T,OM287553.1,-,Deletion
3,MN908947.3,T,PV361325.1,-,Deletion
3,MN908947.3,T,OK091006.1,-,Deletion
3,MN908947.3,T,OM287553.1,-,Deletion
4,MN908947.3,A,PV361325.1,-,Deletion
4,MN908947.3,A,OK091006.1,-,Deletion
4,MN908947.3,A,OM287553.1,-,Deletion
5,MN908947.3,A,PV361325.1,-,Deletion
5,MN908947.3,A,OK091006.1,-,Deletion
5,MN908947.3,A,OM287553.1,-,Deletion
6,MN908947.3,A,PV361325.1,-,Deletion
6,MN908947.3,A,OK091006.1,-,Deletion
6,MN908947.3,A,OM287553.1,-,Deletion
7,MN908947.3,G,PV361325.1,-,Deletion
7,MN908947.3,G,OK091006.1,-,Deletion
7,MN908947.3,G,OM287553.1,-,Deletion
8,MN908947.3,G,PV361325.1,-,Deletion
8,MN908947.3,G,OK091006.1,-,Deletion
8,MN908947.3,G,OM287553.1,-,Deletion
9,MN908947.3,T,PV361325.1,-,Deletion
9,MN908947.3,T,OK091006.1,-,Deletion
9,MN908947.3,T,OM287553.1,-,Deletion
10,MN908947.3,T,PV361325.1,-,Deletion
10,MN908947.3,T,OK091006.1,-,Deletion
10,MN908947.3,T,OM287553.1,-,Deletion
11,MN908947.3,T,PV361325.1,-,Deletion
11,MN908947.3,T,OK091006.1,-,Deletion
11,MN908947.3,T,OM287553.1,-,Deletion
12,MN908947.3,A,PV361325.1,-,Deletion
12,MN908947.3,A,OK091006.1,-,Deletion
12,MN908947.3,A,OM287553.1,-,Deletion
13,MN908947.3,T,PV361325.1,-,Deletion
13,MN908947.3,T,OK091006.1,-,Deletion
13,MN908947.3,T,OM287553.1,-,Deletion
14,MN908947.3,A,PV361325.1,-,Deletion
14,MN908947.3,A,OK091006.1,-,Deletion
14,MN908947.3,A,OM287553.1,-,Deletion
15,MN908947.3,C,PV361325.1,-,Deletion
15,MN908947.3,C,OK091006.1,-,Deletion
15,MN908947.3,C,OM287553.1,-,Deletion
16,MN908947.3,C,PV361325.1,-,Deletion
16,MN908947.3,C,OK091006.1,-,Deletion
16,MN908947.3,C,OM287553.1,-,Deletion
17,MN908947.3,T,PV361325.1,-,Deletion
17,MN908947.3,T,OK091006.1,-,Deletion
17,MN908947.3,T,OM287553.1,-,Deletion
18,MN908947.3,T,PV361325.1,-,Deletion
18,MN908947.3,T,OK091006.1,-,Deletion
18,MN908947.3,T,OM287553.1,-,Deletion
19,MN908947.3,C,PV361325.1,-,Deletion
19,MN908947.3,C,OK091006.1,-,Deletion
19,MN908947.3,C,OM287553.1,-,Deletion
20,MN908947.3,C,PV361325.1,-,Deletion
20,MN908947.3,C,OK091006.1,-,Deletion
20,MN908947.3,C,OM287553.1,-,Deletion
21,MN908947.3,C,PV361325.1,-,Deletion
21,MN908947.3,C,OK091006.1,-,Deletion
21,MN908947.3,C,OM287553.1,-,Deletion
22,MN908947.3,A,PV361325.1,-,Deletion
22,MN908947.3,A,OK091006.1,-,Deletion
22,MN908947.3,A,OM287553.1,-,Deletion
23,MN908947.3,G,PV361325.1,-,Deletion
23,MN908947.3,G,OK091006.1,-,Deletion
23,MN908947.3,G,OM287553.1,-,Deletion
24,MN908947.3,G,PV361325.1,-,Deletion
24,MN908947.3,G,OK091006.1,-,Deletion
24,MN908947.3,G,OM287553.1,-,Deletion
25,MN908947.3,T,PV361325.1,-,Deletion
25,MN908947.3,T,OK091006.1,-,Deletion
25,MN908947.3,T,OM287553.1,-,Deletion
26,MN908947.3,A,PV361325.1,-,Deletion
26,MN908947.3,A,OK091006.1,-,Deletion
26,MN908947.3,A,OM287553.1,-,Deletion
27,MN908947.3,A,PV361325.1,-,Deletion
27,MN908947.3,A,OK091006.1,-,Deletion
27,MN908947.3,A,OM287553.1,-,Deletion
28,MN908947.3,C,PV361325.1,-,Deletion
28,MN908947.3,C,OM287553.1,-,Deletion
29,MN908947.3,A,PV361325.1,-,Deletion
29,MN908947.3,A,OM287553.1,-,Deletion
30,MN908947.3,A,PV361325.1,-,Deletion
30,MN908947.3,A,OM287553.1,-,Deletion
31,MN908947.3,A,PV361325.1,-,Deletion
31,MN908947.3,A,OM287553.1,-,Deletion
32,MN908947.3,C,PV361325.1,-,Deletion
32,MN908947.3,C,OM287553.1,-,Deletion
33,MN908947.3,C,PV361325.1,-,Deletion
33,MN908947.3,C,OM287553.1,-,Deletion
34,MN908947.3,A,PV361325.1,-,Deletion
34,MN908947.3,A,OM287553.1,-,Deletion
35,MN908947.3,A,PV361325.1,-,Deletion
35,MN908947.3,A,OM287553.1,-,Deletion
36,MN908947.3,C,PV361325.1,-,Deletion
36,MN908947.3,C,OM287553.1,-,Deletion
37,MN908947.3,C,PV361325.1,-,Deletion
37,MN908947.3,C,OM287553.1,-,Deletion
38,MN908947.3,A,PV361325.1,-,Deletion
38,MN908947.3,A,OM287553.1,-,Deletion
39,MN908947.3,A,PV361325.1,-,Deletion
39,MN908947.3,A,OM287553.1,-,Deletion
40,MN908947.3,C,PV361325.1,-,Deletion
40,MN908947.3,C,OM287553.1,-,Deletion
41,MN908947.3,T,PV361325.1,-,Deletion
41,MN908947.3,T,OM287553.1,-,Deletion
42,MN908947.3,T,PV361325.1,-,Deletion
42,MN908947.3,T,OM287553.1,-,Deletion
43,MN908947.3,T,OM287553.1,-,Deletion
44,MN908947.3,C,OM287553.1,-,Deletion
45,MN908947.3,G,OM287553.1,-,Deletion
46,MN908947.3,A,OM287553.1,-,Deletion
47,MN908947.3,T,OM287553.1,-,Deletion
48,MN908947.3,C,OM287553.1,-,Deletion
49,MN908947.3,T,OM287553.1,-,Deletion
50,MN908947.3,C,OM287553.1,-,Deletion
51,MN908947.3,T,OM287553.1,-,Deletion
52,MN908947.3,T,OM287553.1,-,Deletion
53,MN908947.3,G,OM287553.1,-,Deletion
54,MN908947.3,T,OM287553.1,-,Deletion
210,MN908947.3,G,PV361325.1,T,SNP
210,MN908947.3,G,OK091006.1,T,SNP
241,MN908947.3,C,PV361325.1,T,SNP
241,MN908947.3,C,OK091006.1,T,SNP
241,MN908947.3,C,OM287553.1,T,SNP
2832,MN908947.3,A,OM287553.1,G,SNP
3037,MN908947.3,C,PV361325.1,T,SNP
3037,MN908947.3,C,OK091006.1,T,SNP
3037,MN908947.3,C,OM287553.1,T,SNP
4181,MN908947.3,G,OK091006.1,T,SNP
5184,MN908947.3,C,PV361325.1,T,SNP
5239,MN908947.3,C,OK091006.1,T,SNP
5386,MN908947.3,T,OM287553.1,G,SNP
5514,MN908947.3,T,OK091006.1,C,SNP
5584,MN908947.3,A,PV361325.1,G,SNP
6309,MN908947.3,G,OK091006.1,N,SNP
6310,MN908947.3,C,OK091006.1,N,SNP
6311,MN908947.3,A,OK091006.1,N,SNP
6312,MN908947.3,C,OK091006.1,N,SNP
6313,MN908947.3,A,OK091006.1,N,SNP
6314,MN908947.3,A,OK091006.1,N,SNP
6315,MN908947.3,A,OK091006.1,N,SNP
6316,MN908947.3,A,OK091006.1,N,SNP
6317,MN908947.3,C,OK091006.1,N,SNP
6318,MN908947.3,C,OK091006.1,N,SNP
6319,MN908947.3,A,OK091006.1,N,SNP
6320,MN908947.3,G,OK091006.1,N,SNP
6321,MN908947.3,T,OK091006.1,N,SNP
6322,MN908947.3,T,OK091006.1,N,SNP
6323,MN908947.3,G,OK091006.1,N,SNP
6324,MN908947.3,A,OK091006.1,N,SNP
6325,MN908947.3,A,OK091006.1,N,SNP
6326,MN908947.3,A,OK091006.1,N,SNP
6327,MN908947.3,C,OK091006.1,N,SNP
6328,MN908947.3,A,OK091006.1,N,SNP
6329,MN908947.3,T,OK091006.1,N,SNP
6330,MN908947.3,C,OK091006.1,N,SNP
6331,MN908947.3,A,OK091006.1,N,SNP
6332,MN908947.3,A,OK091006.1,N,SNP
6333,MN908947.3,A,OK091006.1,N,SNP
6334,MN908947.3,T,OK091006.1,N,SNP
6335,MN908947.3,T,OK091006.1,N,SNP
6336,MN908947.3,C,OK091006.1,N,SNP
6337,MN908947.3,G,OK091006.1,N,SNP
6338,MN908947.3,T,OK091006.1,N,SNP
6339,MN908947.3,T,OK091006.1,N,SNP
6340,MN908947.3,T,OK091006.1,N,SNP
6341,MN908947.3,G,OK091006.1,N,SNP
6402,MN908947.3,C,OK091006.1,T,SNP
6513,MN908947.3,G,OM287553.1,-,Deletion
6514,MN908947.3,T,OM287553.1,-,Deletion
6515,MN908947.3,T,OM287553.1,-,Deletion
7124,MN908947.3,C,OK091006.1,T,SNP
8393,MN908947.3,G,OM287553.1,A,SNP
8986,MN908947.3,C,OK091006.1,T,SNP
9053,MN908947.3,G,OK091006.1,T,SNP
9697,MN908947.3,T,OM287553.1,C,SNP
9891,MN908947.3,C,PV361325.1,T,SNP
10029,MN908947.3,C,OK091006.1,T,SNP
10029,MN908947.3,C,OM287553.1,T,SNP
10449,MN908947.3,C,OM287553.1,A,SNP
11201,MN908947.3,A,OK091006.1,G,SNP
11283,MN908947.3,G,OM287553.1,-,Deletion
11284,MN908947.3,T,OM287553.1,-,Deletion
11285,MN908947.3,T,OM287553.1,-,Deletion
11286,MN908947.3,T,OM287553.1,-,Deletion
11287,MN908947.3,G,OM287553.1,-,Deletion
11288,MN908947.3,T,OM287553.1,-,Deletion
11289,MN908947.3,C,OM287553.1,-,Deletion
11290,MN908947.3,T,OM287553.1,-,Deletion
11291,MN908947.3,G,OM287553.1,-,Deletion
11332,MN908947.3,A,OK091006.1,G,SNP
11418,MN908947.3,T,PV361325.1,C,SNP
11514,MN908947.3,C,PV361325.1,T,SNP
11537,MN908947.3,A,OM287553.1,G,SNP
13019,MN908947.3,C,PV361325.1,T,SNP
13195,MN908947.3,T,OM287553.1,C,SNP
14408,MN908947.3,C,PV361325.1,T,SNP
14408,MN908947.3,C,OK091006.1,T,SNP
14408,MN908947.3,C,OM287553.1,T,SNP
14473,MN908947.3,G,PV361325.1,N,SNP
14474,MN908947.3,G,PV361325.1,N,SNP
14475,MN908947.3,A,PV361325.1,N,SNP
14476,MN908947.3,T,PV361325.1,N,SNP
14477,MN908947.3,A,PV361325.1,N,SNP
14478,MN908947.3,C,PV361325.1,N,SNP
14479,MN908947.3,C,PV361325.1,N,SNP
14480,MN908947.3,A,PV361325.1,N,SNP
14481,MN908947.3,C,PV361325.1,N,SNP
14482,MN908947.3,T,PV361325.1,N,SNP
14483,MN908947.3,T,PV361325.1,N,SNP
14484,MN908947.3,C,PV361325.1,N,SNP
14485,MN908947.3,A,PV361325.1,N,SNP
14486,MN908947.3,G,PV361325.1,N,SNP
14487,MN908947.3,A,PV361325.1,N,SNP
14488,MN908947.3,G,PV361325.1,N,SNP
14489,MN908947.3,A,PV361325.1,N,SNP
14490,MN908947.3,G,PV361325.1,N,SNP
14491,MN908947.3,C,PV361325.1,N,SNP
14492,MN908947.3,T,PV361325.1,N,SNP
14493,MN908947.3,A,PV361325.1,N,SNP
14494,MN908947.3,G,PV361325.1,N,SNP
14495,MN908947.3,G,PV361325.1,N,SNP
14496,MN908947.3,T,PV361325.1,N,SNP
14497,MN908947.3,G,PV361325.1,N,SNP
14498,MN908947.3,T,PV361325.1,N,SNP
14499,MN908947.3,T,PV361325.1,N,SNP
14500,MN908947.3,G,PV361325.1,N,SNP
14501,MN908947.3,T,PV361325.1,N,SNP
14502,MN908947.3,A,PV361325.1,N,SNP
14503,MN908947.3,C,PV361325.1,N,SNP
14504,MN908947.3,A,PV361325.1,N,SNP
14505,MN908947.3,T,PV361325.1,N,SNP
14506,MN908947.3,A,PV361325.1,N,SNP
14507,MN908947.3,A,PV361325.1,N,SNP
14508,MN908947.3,T,PV361325.1,N,SNP
14509,MN908947.3,C,PV361325.1,N,SNP
14510,MN908947.3,A,PV361325.1,N,SNP
14511,MN908947.3,G,PV361325.1,N,SNP
14512,MN908947.3,G,PV361325.1,N,SNP
14513,MN908947.3,A,PV361325.1,N,SNP
14514,MN908947.3,T,PV361325.1,N,SNP
14515,MN908947.3,G,PV361325.1,N,SNP
15240,MN908947.3,C,OM287553.1,T,SNP
15451,MN908947.3,G,PV361325.1,A,SNP
15451,MN908947.3,G,OK091006.1,A,SNP
16466,MN908947.3,C,PV361325.1,T,SNP
16466,MN908947.3,C,OK091006.1,T,SNP
18163,MN908947.3,A,OM287553.1,G,SNP
19220,MN908947.3,C,OK091006.1,T,SNP
21034,MN908947.3,C,OM287553.1,T,SNP
21618,MN908947.3,C,PV361325.1,G,SNP
21618,MN908947.3,C,OK091006.1,G,SNP
21762,MN908947.3,C,OM287553.1,T,SNP
21765,MN908947.3,T,PV361325.1,-,Deletion
21765,MN908947.3,T,OM287553.1,-,Deletion
21766,MN908947.3,A,PV361325.1,-,Deletion
21766,MN908947.3,A,OM287553.1,-,Deletion
21767,MN908947.3,C,PV361325.1,-,Deletion
21767,MN908947.3,C,OM287553.1,-,Deletion
21768,MN908947.3,A,PV361325.1,-,Deletion
21768,MN908947.3,A,OM287553.1,-,Deletion
21769,MN908947.3,T,PV361325.1,-,Deletion
21769,MN908947.3,T,OM287553.1,-,Deletion
21770,MN908947.3,G,PV361325.1,-,Deletion
21770,MN908947.3,G,OM287553.1,-,Deletion
21803,MN908947.3,A,PV361325.1,N,SNP
21804,MN908947.3,A,PV361325.1,N,SNP
21805,MN908947.3,C,PV361325.1,N,SNP
21806,MN908947.3,C,PV361325.1,N,SNP
21807,MN908947.3,C,PV361325.1,N,SNP
21808,MN908947.3,T,PV361325.1,N,SNP
21809,MN908947.3,G,PV361325.1,N,SNP
21810,MN908947.3,T,PV361325.1,N,SNP
21811,MN908947.3,C,PV361325.1,N,SNP
21812,MN908947.3,C,PV361325.1,N,SNP
21813,MN908947.3,T,PV361325.1,N,SNP
21814,MN908947.3,A,PV361325.1,N,SNP
21815,MN908947.3,C,PV361325.1,N,SNP
21816,MN908947.3,C,PV361325.1,N,SNP
21817,MN908947.3,A,PV361325.1,N,SNP
21818,MN908947.3,T,PV361325.1,N,SNP
21819,MN908947.3,T,PV361325.1,N,SNP
21820,MN908947.3,T,PV361325.1,N,SNP
21821,MN908947.3,A,PV361325.1,N,SNP
21822,MN908947.3,A,PV361325.1,N,SNP
21823,MN908947.3,T,PV361325.1,N,SNP
21824,MN908947.3,G,PV361325.1,N,SNP
21825,MN908947.3,A,PV361325.1,N,SNP
21826,MN908947.3,T,PV361325.1,N,SNP
21827,MN908947.3,G,PV361325.1,N,SNP
21828,MN908947.3,G,PV361325.1,N,SNP
21829,MN908947.3,T,PV361325.1,N,SNP
21830,MN908947.3,G,PV361325.1,N,SNP
21831,MN908947.3,T,PV361325.1,N,SNP
21832,MN908947.3,T,PV361325.1,N,SNP
21833,MN908947.3,T,PV361325.1,N,SNP
21834,MN908947.3,A,PV361325.1,N,SNP
21835,MN908947.3,T,PV361325.1,N,SNP
21836,MN908947.3,T,PV361325.1,N,SNP
21837,MN908947.3,T,PV361325.1,N,SNP
21838,MN908947.3,T,PV361325.1,N,SNP
21839,MN908947.3,G,PV361325.1,N,SNP
21840,MN908947.3,C,PV361325.1,N,SNP
21841,MN908947.3,T,PV361325.1,N,SNP
21842,MN908947.3,T,PV361325.1,N,SNP
21843,MN908947.3,C,PV361325.1,N,SNP
21844,MN908947.3,C,PV361325.1,N,SNP
21845,MN908947.3,A,PV361325.1,N,SNP
21846,MN908947.3,C,PV361325.1,N,SNP
21846,MN908947.3,C,OK091006.1,Y,SNP
21846,MN908947.3,C,OM287553.1,T,SNP
21847,MN908947.3,T,PV361325.1,N,SNP
21987,MN908947.3,G,PV361325.1,A,SNP
21987,MN908947.3,G,OK091006.1,A,SNP
21987,MN908947.3,G,OM287553.1,-,Deletion
21988,MN908947.3,T,OM287553.1,-,Deletion
21989,MN908947.3,G,OM287553.1,-,Deletion
21990,MN908947.3,T,OM287553.1,-,Deletion
21991,MN908947.3,T,OM287553.1,-,Deletion
21992,MN908947.3,T,OM287553.1,-,Deletion
21993,MN908947.3,A,OM287553.1,-,Deletion
21994,MN908947.3,T,OM287553.1,-,Deletion
21995,MN908947.3,T,OM287553.1,-,Deletion
22029,MN908947.3,A,PV361325.1,-,Deletion
22029,MN908947.3,A,OK091006.1,N,SNP
22030,MN908947.3,G,PV361325.1,-,Deletion
22030,MN908947.3,G,OK091006.1,N,SNP
22031,MN908947.3,T,PV361325.1,-,Deletion
22031,MN908947.3,T,OK091006.1,N,SNP
22032,MN908947.3,T,PV361325.1,-,Deletion
22032,MN908947.3,T,OK091006.1,N,SNP
22033,MN908947.3,C,PV361325.1,-,Deletion
22033,MN908947.3,C,OK091006.1,N,SNP
22034,MN908947.3,A,PV361325.1,-,Deletion
22034,MN908947.3,A,OK091006.1,N,SNP
22185,MN908947.3,C,PV361325.1,T,SNP
22194,MN908947.3,A,OM287553.1,-,Deletion
22195,MN908947.3,T,OM287553.1,-,Deletion
22196,MN908947.3,T,OM287553.1,-,Deletion
22205,MN908947.3,-,OM287553.1,G,Insertion
22206,MN908947.3,-,OM287553.1,A,Insertion
22207,MN908947.3,-,OM287553.1,G,Insertion
22208,MN908947.3,-,OM287553.1,C,Insertion
22209,MN908947.3,-,OM287553.1,C,Insertion
22210,MN908947.3,-,OM287553.1,A,Insertion
22211,MN908947.3,-,OM287553.1,G,Insertion
22212,MN908947.3,-,OM287553.1,A,Insertion
22213,MN908947.3,-,OM287553.1,A,Insertion
22236,MN908947.3,C,PV361325.1,T,SNP
22587,MN908947.3,G,OM287553.1,A,SNP
22682,MN908947.3,T,OM287553.1,C,SNP
22683,MN908947.3,C,OM287553.1,T,SNP
22688,MN908947.3,T,OM287553.1,C,SNP
22695,MN908947.3,C,OM287553.1,T,SNP
22822,MN908947.3,G,OM287553.1,T,SNP
22891,MN908947.3,T,OM287553.1,G,SNP
22907,MN908947.3,G,OM287553.1,A,SNP
22926,MN908947.3,T,PV361325.1,G,SNP
22926,MN908947.3,T,OK091006.1,G,SNP
23001,MN908947.3,G,OM287553.1,A,SNP
23004,MN908947.3,C,PV361325.1,A,SNP
23004,MN908947.3,C,OK091006.1,A,SNP
23004,MN908947.3,C,OM287553.1,A,SNP
23022,MN908947.3,A,OM287553.1,C,SNP
23049,MN908947.3,A,OM287553.1,G,SNP
23057,MN908947.3,G,OM287553.1,A,SNP
23058,MN908947.3,G,PV361325.1,N,SNP
23059,MN908947.3,T,PV361325.1,N,SNP
23060,MN908947.3,T,PV361325.1,N,SNP
23061,MN908947.3,T,PV361325.1,N,SNP
23062,MN908947.3,C,PV361325.1,N,SNP
23063,MN908947.3,C,PV361325.1,N,SNP
23064,MN908947.3,A,PV361325.1,N,SNP
23064,MN908947.3,A,OM287553.1,G,SNP
23065,MN908947.3,A,PV361325.1,N,SNP
23066,MN908947.3,C,PV361325.1,N,SNP
23067,MN908947.3,C,PV361325.1,N,SNP
23068,MN908947.3,C,PV361325.1,N,SNP
23069,MN908947.3,A,PV361325.1,N,SNP
23070,MN908947.3,C,PV361325.1,N,SNP
23071,MN908947.3,T,PV361325.1,N,SNP
23072,MN908947.3,A,PV361325.1,N,SNP
23072,MN908947.3,A,OM287553.1,T,SNP
23073,MN908947.3,A,PV361325.1,N,SNP
23074,MN908947.3,T,PV361325.1,N,SNP
23075,MN908947.3,G,PV361325.1,N,SNP
23076,MN908947.3,G,PV361325.1,N,SNP
23077,MN908947.3,T,PV361325.1,N,SNP
23078,MN908947.3,G,PV361325.1,N,SNP
23079,MN908947.3,T,PV361325.1,N,SNP
23080,MN908947.3,T,PV361325.1,N,SNP
23081,MN908947.3,G,PV361325.1,N,SNP
23082,MN908947.3,G,PV361325.1,N,SNP
23083,MN908947.3,T,PV361325.1,N,SNP
23084,MN908947.3,T,PV361325.1,N,SNP
23084,MN908947.3,T,OM287553.1,C,SNP
23085,MN908947.3,A,PV361325.1,N,SNP
23086,MN908947.3,C,PV361325.1,N,SNP
23087,MN908947.3,C,PV361325.1,N,SNP
23088,MN908947.3,A,PV361325.1,N,SNP
23089,MN908947.3,A,PV361325.1,N,SNP
23090,MN908947.3,C,PV361325.1,N,SNP
23091,MN908947.3,C,PV361325.1,N,SNP
23092,MN908947.3,A,PV361325.1,N,SNP
23093,MN908947.3,T,PV361325.1,N,SNP
23211,MN908947.3,C,OM287553.1,A,SNP
23412,MN908947.3,A,PV361325.1,G,SNP
23412,MN908947.3,A,OK091006.1,G,SNP
23412,MN908947.3,A,OM287553.1,G,SNP
23534,MN908947.3,C,OM287553.1,T,SNP
23608,MN908947.3,T,OM287553.1,G,SNP
23613,MN908947.3,C,PV361325.1,G,SNP
23613,MN908947.3,C,OK091006.1,G,SNP
23613,MN908947.3,C,OM287553.1,A,SNP
23863,MN908947.3,C,OM287553.1,A,SNP
23957,MN908947.3,G,OM287553.1,T,SNP
24139,MN908947.3,C,OM287553.1,A,SNP
24419,MN908947.3,G,PV361325.1,A,SNP
24419,MN908947.3,G,OK091006.1,A,SNP
24433,MN908947.3,A,OM287553.1,T,SNP
24478,MN908947.3,T,OM287553.1,A,SNP
24512,MN908947.3,C,OM287553.1,T,SNP
25009,MN908947.3,C,OM287553.1,T,SNP
25478,MN908947.3,C,PV361325.1,T,SNP
25478,MN908947.3,C,OK091006.1,T,SNP
25593,MN908947.3,C,OM287553.1,T,SNP
26279,MN908947.3,C,OM287553.1,T,SNP
26539,MN908947.3,A,OM287553.1,G,SNP
26586,MN908947.3,C,OM287553.1,G,SNP
26718,MN908947.3,G,OM287553.1,A,SNP
26776,MN908947.3,T,PV361325.1,C,SNP
26776,MN908947.3,T,OK091006.1,Y,SNP
27268,MN908947.3,A,OM287553.1,C,SNP
27647,MN908947.3,T,PV361325.1,C,SNP
27647,MN908947.3,T,OK091006.1,C,SNP
27761,MN908947.3,C,PV361325.1,T,SNP
27816,MN908947.3,C,OM287553.1,T,SNP
27883,MN908947.3,C,OK091006.1,T,SNP
28257,MN908947.3,G,PV361325.1,-,Deletion
28258,MN908947.3,A,PV361325.1,-,Deletion
28259,MN908947.3,T,PV361325.1,-,Deletion
28260,MN908947.3,T,PV361325.1,-,Deletion
28261,MN908947.3,T,PV361325.1,-,Deletion
28262,MN908947.3,C,PV361325.1,-,Deletion
28262,MN908947.3,C,OK091006.1,A,SNP
28280,MN908947.3,A,PV361325.1,-,Deletion
28280,MN908947.3,A,OK091006.1,N,SNP
28280,MN908947.3,A,OM287553.1,T,SNP
28320,MN908947.3,C,OM287553.1,T,SNP
28371,MN908947.3,G,OM287553.1,-,Deletion
28372,MN908947.3,A,OM287553.1,-,Deletion
28373,MN908947.3,G,OM287553.1,-,Deletion
28374,MN908947.3,A,OM287553.1,-,Deletion
28375,MN908947.3,A,OM287553.1,-,Deletion
28376,MN908947.3,C,OM287553.1,-,Deletion
28377,MN908947.3,G,OM287553.1,-,Deletion
28378,MN908947.3,C,OM287553.1,-,Deletion
28379,MN908947.3,A,OM287553.1,-,Deletion
28470,MN908947.3,A,PV361325.1,G,SNP
28470,MN908947.3,A,OK091006.1,G,SNP
28890,MN908947.3,G,PV361325.1,T,SNP
28890,MN908947.3,G,OK091006.1,T,SNP
28890,MN908947.3,G,OM287553.1,A,SNP
28891,MN908947.3,G,OM287553.1,A,SNP
28892,MN908947.3,G,OM287553.1,C,SNP
28925,MN908947.3,G,OK091006.1,T,SNP
29411,MN908947.3,G,PV361325.1,T,SNP
29411,MN908947.3,G,OK091006.1,T,SNP
29751,MN908947.3,G,PV361325.1,T,SNP
29751,MN908947.3,G,OK091006.1,T,SNP
29837,MN908947.3,G,OM287553.1,-,Deletion
29838,MN908947.3,T,OM287553.1,-,Deletion
29839,MN908947.3,G,OM287553.1,-,Deletion
29840,MN908947.3,C,OM287553.1,-,Deletion
29841,MN908947.3,T,OM287553.1,-,Deletion
29842,MN908947.3,A,OM287553.1,-,Deletion
29843,MN908947.3,T,OM287553.1,-,Deletion
29844,MN908947.3,C,OM287553.1,-,Deletion
29845,MN908947.3,C,OM287553.1,-,Deletion
29846,MN908947.3,C,OM287553.1,-,Deletion
29847,MN908947.3,C,OM287553.1,-,Deletion
29848,MN908947.3,A,OM287553.1,-,Deletion
29849,MN908947.3,T,OM287553.1,-,Deletion
29850,MN908947.3,G,OM287553.1,-,Deletion
29851,MN908947.3,T,OM287553.1,-,Deletion
29852,MN908947.3,G,PV361325.1,-,Deletion
29852,MN908947.3,G,OM287553.1,-,Deletion
29853,MN908947.3,A,PV361325.1,-,Deletion
29853,MN908947.3,A,OM287553.1,-,Deletion
29854,MN908947.3,T,PV361325.1,-,Deletion
29854,MN908947.3,T,OM287553.1,-,Deletion
29855,MN908947.3,T,PV361325.1,-,Deletion
29855,MN908947.3,T,OM287553.1,-,Deletion
29856,MN908947.3,T,PV361325.1,-,Deletion
29856,MN908947.3,T,OM287553.1,-,Deletion
29857,MN908947.3,T,PV361325.1,-,Deletion
29857,MN908947.3,T,OM287553.1,-,Deletion
29858,MN908947.3,A,PV361325.1,-,Deletion
29858,MN908947.3,A,OM287553.1,-,Deletion
29859,MN908947.3,A,PV361325.1,-,Deletion
29859,MN908947.3,A,OM287553.1,-,Deletion
29860,MN908947.3,T,PV361325.1,-,Deletion
29860,MN908947.3,T,OM287553.1,-,Deletion
29861,MN908947.3,A,PV361325.1,-,Deletion
29861,MN908947.3,A,OM287553.1,-,Deletion
29862,MN908947.3,G,PV361325.1,-,Deletion
29862,MN908947.3,G,OM287553.1,-,Deletion
29863,MN908947.3,C,PV361325.1,-,Deletion
29863,MN908947.3,C,OM287553.1,-,Deletion
29864,MN908947.3,T,PV361325.1,-,Deletion
29864,MN908947.3,T,OM287553.1,-,Deletion
29865,MN908947.3,T,PV361325.1,-,Deletion
29865,MN908947.3,T,OM287553.1,-,Deletion
29866,MN908947.3,C,PV361325.1,-,Deletion
29866,MN908947.3,C,OM287553.1,-,Deletion
29867,MN908947.3,T,PV361325.1,-,Deletion
29867,MN908947.3,T,OM287553.1,-,Deletion
29868,MN908947.3,T,PV361325.1,-,Deletion
29868,MN908947.3,T,OM287553.1,-,Deletion
29869,MN908947.3,A,PV361325.1,-,Deletion
29869,MN908947.3,A,OM287553.1,-,Deletion
29870,MN908947.3,G,PV361325.1,-,Deletion
29870,MN908947.3,G,OM287553.1,-,Deletion
29871,MN908947.3,G,PV361325.1,-,Deletion
29871,MN908947.3,G,OM287553.1,-,Deletion
29872,MN908947.3,A,PV361325.1,-,Deletion
29872,MN908947.3,A,OM287553.1,-,Deletion
29873,MN908947.3,G,PV361325.1,-,Deletion
29873,MN908947.3,G,OK091006.1,-,Deletion
29873,MN908947.3,G,OM287553.1,-,Deletion
29874,MN908947.3,A,PV361325.1,-,Deletion
29874,MN908947.3,A,OK091006.1,-,Deletion
29874,MN908947.3,A,OM287553.1,-,Deletion
29875,MN908947.3,A,PV361325.1,-,Deletion
29875,MN908947.3,A,OK091006.1,-,Deletion
29875,MN908947.3,A,OM287553.1,-,Deletion
29876,MN908947.3,T,PV361325.1,-,Deletion
29876,MN908947.3,T,OK091006.1,-,Deletion
29876,MN908947.3,T,OM287553.1,-,Deletion
29877,MN908947.3,G,PV361325.1,-,Deletion
29877,MN908947.3,G,OK091006.1,-,Deletion
29877,MN908947.3,G,OM287553.1,-,Deletion
29878,MN908947.3,A,PV361325.1,-,Deletion
29878,MN908947.3,A,OK091006.1,-,Deletion
29878,MN908947.3,A,OM287553.1,-,Deletion
29879,MN908947.3,C,PV361325.1,-,Deletion
29879,MN908947.3,C,OK091006.1,-,Deletion
29879,MN908947.3,C,OM287553.1,-,Deletion
29880,MN908947.3,A,PV361325.1,-,Deletion
29880,MN908947.3,A,OK091006.1,-,Deletion
29880,MN908947.3,A,OM287553.1,-,Deletion
29881,MN908947.3,A,PV361325.1,-,Deletion
29881,MN908947.3,A,OK091006.1,-,Deletion
29881,MN908947.3,A,OM287553.1,-,Deletion
29882,MN908947.3,A,PV361325.1,-,Deletion
29882,MN908947.3,A,OK091006.1,-,Deletion
29882,MN908947.3,A,OM287553.1,-,Deletion
29883,MN908947.3,A,PV361325.1,-,Deletion
29883,MN908947.3,A,OK091006.1,-,Deletion
29883,MN908947.3,A,OM287553.1,-,Deletion
29884,MN908947.3,A,PV361325.1,-,Deletion
29884,MN908947.3,A,OK091006.1,-,Deletion
29884,MN908947.3,A,OM287553.1,-,Deletion
29885,MN908947.3,A,PV361325.1,-,Deletion
29885,MN908947.3,A,OK091006.1,-,Deletion
29885,MN908947.3,A,OM287553.1,-,Deletion
29886,MN908947.3,A,PV361325.1,-,Deletion
29886,MN908947.3,A,OK091006.1,-,Deletion
29886,MN908947.3,A,OM287553.1,-,Deletion
29887,MN908947.3,A,PV361325.1,-,Deletion
29887,MN908947.3,A,OK091006.1,-,Deletion
29887,MN908947.3,A,OM287553.1,-,Deletion
29888,MN908947.3,A,PV361325.1,-,Deletion
29888,MN908947.3,A,OK091006.1,-,Deletion
29888,MN908947.3,A,OM287553.1,-,Deletion
29889,MN908947.3,A,PV361325.1,-,Deletion
29889,MN908947.3,A,OK091006.1,-,Deletion
29889,MN908947.3,A,OM287553.1,-,Deletion
29890,MN908947.3,A,PV361325.1,-,Deletion
29890,MN908947.3,A,OK091006.1,-,Deletion
29890,MN908947.3,A,OM287553.1,-,Deletion
29891,MN908947.3,A,PV361325.1,-,Deletion
29891,MN908947.3,A,OK091006.1,-,Deletion
29891,MN908947.3,A,OM287553.1,-,Deletion
29892,MN908947.3,A,PV361325.1,-,Deletion
29892,MN908947.3,A,OK091006.1,-,Deletion
29892,MN908947.3,A,OM287553.1,-,Deletion
29893,MN908947.3,A,PV361325.1,-,Deletion
29893,MN908947.3,A,OK091006.1,-,Deletion
29893,MN908947.3,A,OM287553.1,-,Deletion
29894,MN908947.3,A,PV361325.1,-,Deletion
29894,MN908947.3,A,OK091006.1,-,Deletion
29894,MN908947.3,A,OM287553.1,-,Deletion
29895,MN908947.3,A,PV361325.1,-,Deletion
29895,MN908947.3,A,OK091006.1,-,Deletion
29895,MN908947.3,A,OM287553.1,-,Deletion
29896,MN908947.3,A,PV361325.1,-,Deletion
29896,MN908947.3,A,OK091006.1,-,Deletion
29896,MN908947.3,A,OM287553.1,-,Deletion
29897,MN908947.3,A,PV361325.1,-,Deletion
29897,MN908947.3,A,OK091006.1,-,Deletion
29897,MN908947.3,A,OM287553.1,-,Deletion
29898,MN908947.3,A,PV361325.1,-,Deletion
29898,MN908947.3,A,OK091006.1,-,Deletion
29898,MN908947.3,A,OM287553.1,-,Deletion
29899,MN908947.3,A,PV361325.1,-,Deletion
29899,MN908947.3,A,OK091006.1,-,Deletion
29899,MN908947.3,A,OM287553.1,-,Deletion
29900,MN908947.3,A,PV361325.1,-,Deletion
29900,MN908947.3,A,OK091006.1,-,Deletion
29900,MN908947.3,A,OM287553.1,-,Deletion
29901,MN908947.3,A,PV361325.1,-,Deletion
29901,MN908947.3,A,OK091006.1,-,Deletion
29901,MN908947.3,A,OM287553.1,-,Deletion
29902,MN908947.3,A,PV361325.1,-,Deletion
29902,MN908947.3,A,OK091006.1,-,Deletion
29902,MN908947.3,A,OM287553.1,-,Deletion
29903,MN908947.3,A,PV361325.1,-,Deletion
29903,MN908947.3,A,OK091006.1,-,Deletion
29903,MN908947.3,A,OM287553.1,-,Deletion
29904,MN908947.3,A,PV361325.1,-,Deletion
29904,MN908947.3,A,OK091006.1,-,Deletion
29904,MN908947.3,A,OM287553.1,-,Deletion
29905,MN908947.3,A,PV361325.1,-,Deletion
29905,MN908947.3,A,OK091006.1,-,Deletion
29905,MN908947.3,A,OM287553.1,-,Deletion
29906,MN908947.3,A,PV361325.1,-,Deletion
29906,MN908947.3,A,OK091006.1,-,Deletion
29906,MN908947.3,A,OM287553.1,-,Deletion
29907,MN908947.3,A,PV361325.1,-,Deletion
29907,MN908947.3,A,OK091006.1,-,Deletion
29907,MN908947.3,A,OM287553.1,-,Deletion
29908,MN908947.3,A,PV361325.1,-,Deletion
29908,MN908947.3,A,OK091006.1,-,Deletion
29908,MN908947.3,A,OM287553.1,-,Deletion
29909,MN908947.3,A,PV361325.1,-,Deletion
29909,MN908947.3,A,OK091006.1,-,Deletion
29909,MN908947.3,A,OM287553.1,-,Deletion
29910,MN908947.3,A,PV361325.1,-,Deletion
29910,MN908947.3,A,OK091006.1,-,Deletion
29910,MN908947.3,A,OM287553.1,-,Deletion
29911,MN908947.3,A,PV361325.1,-,Deletion
29911,MN908947.3,A,OK091006.1,-,Deletion
29911,MN908947.3,A,OM287553.1,-,Deletion
29912,MN908947.3,A,PV361325.1,-,Deletion
29912,MN908947.3,A,OK091006.1,-,Deletion
29912,MN908947.3,A,OM287553.1,-,Deletion
