Position,Reference_ID,Reference_Base,Variant_ID,Variant_Base,Type,Gene
21618,MN908947.3,C,PV361325.1,G,SNP,S
21618,MN908947.3,C,OK091006.1,G,SNP,S
21762,MN908947.3,C,OM287553.1,T,SNP,S
21765,MN908947.3,T,PV361325.1,-,Deletion,S
21765,MN908947.3,T,OM287553.1,-,Deletion,S
21766,MN908947.3,A,PV361325.1,-,Deletion,S
21766,MN908947.3,A,OM287553.1,-,Deletion,S
21767,MN908947.3,C,PV361325.1,-,Deletion,S
21767,MN908947.3,C,OM287553.1,-,Deletion,S
21768,MN908947.3,A,PV361325.1,-,Deletion,S
21768,MN908947.3,A,OM287553.1,-,Deletion,S
21769,MN908947.3,T,PV361325.1,-,Deletion,S
21769,MN908947.3,T,OM287553.1,-,Deletion,S
21770,MN908947.3,G,PV361325.1,-,Deletion,S
21770,MN908947.3,G,OM287553.1,-,Deletion,S
21803,MN908947.3,A,PV361325.1,N,SNP,S
21804,MN908947.3,A,PV361325.1,N,SNP,S
21805,MN908947.3,C,PV361325.1,N,SNP,S
21806,MN908947.3,C,PV361325.1,N,SNP,S
21807,MN908947.3,C,PV361325.1,N,SNP,S
21808,MN908947.3,T,PV361325.1,N,SNP,S
21809,MN908947.3,G,PV361325.1,N,SNP,S
21810,MN908947.3,T,PV361325.1,N,SNP,S
21811,MN908947.3,C,PV361325.1,N,SNP,S
21812,MN908947.3,C,PV361325.1,N,SNP,S
21813,MN908947.3,T,PV361325.1,N,SNP,S
21814,MN908947.3,A,PV361325.1,N,SNP,S
21815,MN908947.3,C,PV361325.1,N,SNP,S
21816,MN908947.3,C,PV361325.1,N,SNP,S
21817,MN908947.3,A,PV361325.1,N,SNP,S
21818,MN908947.3,T,PV361325.1,N,SNP,S
21819,MN908947.3,T,PV361325.1,N,SNP,S
21820,MN908947.3,T,PV361325.1,N,SNP,S
21821,MN908947.3,A,PV361325.1,N,SNP,S
21822,MN908947.3,A,PV361325.1,N,SNP,S
21823,MN908947.3,T,PV361325.1,N,SNP,S
21824,MN908947.3,G,PV361325.1,N,SNP,S
21825,MN908947.3,A,PV361325.1,N,SNP,S
21826,MN908947.3,T,PV361325.1,N,SNP,S
21827,MN908947.3,G,PV361325.1,N,SNP,S
21828,MN908947.3,G,PV361325.1,N,SNP,S
21829,MN908947.3,T,PV361325.1,N,SNP,S
21830,MN908947.3,G,PV361325.1,N,SNP,S
21831,MN908947.3,T,PV361325.1,N,SNP,S
21832,MN908947.3,T,PV361325.1,N,SNP,S
21833,MN908947.3,T,PV361325.1,N,SNP,S
21834,MN908947.3,A,PV361325.1,N,SNP,S
21835,MN908947.3,T,PV361325.1,N,SNP,S
21836,MN908947.3,T,PV361325.1,N,SNP,S
21837,MN908947.3,T,PV361325.1,N,SNP,S
21838,MN908947.3,T,PV361325.1,N,SNP,S
21839,MN908947.3,G,PV361325.1,N,SNP,S
21840,MN908947.3,C,PV361325.1,N,SNP,S
21841,MN908947.3,T,PV361325.1,N,SNP,S
21842,MN908947.3,T,PV361325.1,N,SNP,S
21843,MN908947.3,C,PV361325.1,N,SNP,S
21844,MN908947.3,C,PV361325.1,N,SNP,S
21845,MN908947.3,A,PV361325.1,N,SNP,S
21846,MN908947.3,C,PV361325.1,N,SNP,S
21846,MN908947.3,C,OK091006.1,Y,SNP,S
21846,MN908947.3,C,OM287553.1,T,SNP,S
21847,MN908947.3,T,PV361325.1,N,SNP,S
21987,MN908947.3,G,PV361325.1,A,SNP,S
21987,MN908947.3,G,OK091006.1,A,SNP,S
21987,MN908947.3,G,OM287553.1,-,Deletion,S
21988,MN908947.3,T,OM287553.1,-,Deletion,S
21989,MN908947.3,G,OM287553.1,-,Deletion,S
21990,MN908947.3,T,OM287553.1,-,Deletion,S
21991,MN908947.3,T,OM287553.1,-,Deletion,S
21992,MN908947.3,T,OM287553.1,-,Deletion,S
21993,MN908947.3,A,OM287553.1,-,Deletion,S
21994,MN908947.3,T,OM287553.1,-,Deletion,S
21995,MN908947.3,T,OM287553.1,-,Deletion,S
22029,MN908947.3,A,PV361325.1,-,Deletion,S
22029,MN908947.3,A,OK091006.1,N,SNP,S
22030,MN908947.3,G,PV361325.1,-,Deletion,S
22030,MN908947.3,G,OK091006.1,N,SNP,S
22031,MN908947.3,T,PV361325.1,-,Deletion,S
22031,MN908947.3,T,OK091006.1,N,SNP,S
22032,MN908947.3,T,PV361325.1,-,Deletion,S
22032,MN908947.3,T,OK091006.1,N,SNP,S
22033,MN908947.3,C,PV361325.1,-,Deletion,S
22033,MN908947.3,C,OK091006.1,N,SNP,S
22034,MN908947.3,A,PV361325.1,-,Deletion,S
22034,MN908947.3,A,OK091006.1,N,SNP,S
22185,MN908947.3,C,PV361325.1,T,SNP,S
22194,MN908947.3,A,OM287553.1,-,Deletion,S
22195,MN908947.3,T,OM287553.1,-,Deletion,S
22196,MN908947.3,T,OM287553.1,-,Deletion,S
22205,MN908947.3,-,OM287553.1,G,Insertion,S
22206,MN908947.3,-,OM287553.1,A,Insertion,S
22207,MN908947.3,-,OM287553.1,G,Insertion,S
22208,MN908947.3,-,OM287553.1,C,Insertion,S
22209,MN908947.3,-,OM287553.1,C,Insertion,S
22210,MN908947.3,-,OM287553.1,A,Insertion,S
22211,MN908947.3,-,OM287553.1,G,Insertion,S
22212,MN908947.3,-,OM287553.1,A,Insertion,S
22213,MN908947.3,-,OM287553.1,A,Insertion,S
22236,MN908947.3,C,PV361325.1,T,SNP,S
22587,MN908947.3,G,OM287553.1,A,SNP,S
22682,MN908947.3,T,OM287553.1,C,SNP,S
22683,MN908947.3,C,OM287553.1,T,SNP,S
22688,MN908947.3,T,OM287553.1,C,SNP,S
22695,MN908947.3,C,OM287553.1,T,SNP,S
22822,MN908947.3,G,OM287553.1,T,SNP,S
22891,MN908947.3,T,OM287553.1,G,SNP,S
22907,MN908947.3,G,OM287553.1,A,SNP,S
22926,MN908947.3,T,PV361325.1,G,SNP,S
22926,MN908947.3,T,OK091006.1,G,SNP,S
23001,MN908947.3,G,OM287553.1,A,SNP,S
23004,MN908947.3,C,PV361325.1,A,SNP,S
23004,MN908947.3,C,OK091006.1,A,SNP,S
23004,MN908947.3,C,OM287553.1,A,SNP,S
23022,MN908947.3,A,OM287553.1,C,SNP,S
23049,MN908947.3,A,OM287553.1,G,SNP,S
23057,MN908947.3,G,OM287553.1,A,SNP,S
23058,MN908947.3,G,PV361325.1,N,SNP,S
23059,MN908947.3,T,PV361325.1,N,SNP,S
23060,MN908947.3,T,PV361325.1,N,SNP,S
23061,MN908947.3,T,PV361325.1,N,SNP,S
23062,MN908947.3,C,PV361325.1,N,SNP,S
23063,MN908947.3,C,PV361325.1,N,SNP,S
23064,MN908947.3,A,PV361325.1,N,SNP,S
23064,MN908947.3,A,OM287553.1,G,SNP,S
23065,MN908947.3,A,PV361325.1,N,SNP,S
23066,MN908947.3,C,PV361325.1,N,SNP,S
23067,MN908947.3,C,PV361325.1,N,SNP,S
23068,MN908947.3,C,PV361325.1,N,SNP,S
23069,MN908947.3,A,PV361325.1,N,SNP,S
23070,MN908947.3,C,PV361325.1,N,SNP,S
23071,MN908947.3,T,PV361325.1,N,SNP,S
23072,MN908947.3,A,PV361325.1,N,SNP,S
23072,MN908947.3,A,OM287553.1,T,SNP,S
23073,MN908947.3,A,PV361325.1,N,SNP,S
23074,MN908947.3,T,PV361325.1,N,SNP,S
23075,MN908947.3,G,PV361325.1,N,SNP,S
23076,MN908947.3,G,PV361325.1,N,SNP,S
23077,MN908947.3,T,PV361325.1,N,SNP,S
23078,MN908947.3,G,PV361325.1,N,SNP,S
23079,MN908947.3,T,PV361325.1,N,SNP,S
23080,MN908947.3,T,PV361325.1,N,SNP,S
23081,MN908947.3,G,PV361325.1,N,SNP,S
23082,MN908947.3,G,PV361325.1,N,SNP,S
23083,MN908947.3,T,PV361325.1,N,SNP,S
23084,MN908947.3,T,PV361325.1,N,SNP,S
23084,MN908947.3,T,OM287553.1,C,SNP,S
23085,MN908947.3,A,PV361325.1,N,SNP,S
23086,MN908947.3,C,PV361325.1,N,SNP,S
23087,MN908947.3,C,PV361325.1,N,SNP,S
23088,MN908947.3,A,PV361325.1,N,SNP,S
23089,MN908947.3,A,PV361325.1,N,SNP,S
23090,MN908947.3,C,PV361325.1,N,SNP,S
23091,MN908947.3,C,PV361325.1,N,SNP,S
23092,MN908947.3,A,PV361325.1,N,SNP,S
23093,MN908947.3,T,PV361325.1,N,SNP,S
23211,MN908947.3,C,OM287553.1,A,SNP,S
23412,MN908947.3,A,PV361325.1,G,SNP,S
23412,MN908947.3,A,OK091006.1,G,SNP,S
23412,MN908947.3,A,OM287553.1,G,SNP,S
23534,MN908947.3,C,OM287553.1,T,SNP,S
23608,MN908947.3,T,OM287553.1,G,SNP,S
23613,MN908947.3,C,PV361325.1,G,SNP,S
23613,MN908947.3,C,OK091006.1,G,SNP,S
23613,MN908947.3,C,OM287553.1,A,SNP,S
23863,MN908947.3,C,OM287553.1,A,SNP,S
23957,MN908947.3,G,OM287553.1,T,SNP,S
24139,MN908947.3,C,OM287553.1,A,SNP,S
24419,MN908947.3,G,PV361325.1,A,SNP,S
24419,MN908947.3,G,OK091006.1,A,SNP,S
24433,MN908947.3,A,OM287553.1,T,SNP,S
24478,MN908947.3,T,OM287553.1,A,SNP,S
24512,MN908947.3,C,OM287553.1,T,SNP,S
25009,MN908947.3,C,OM287553.1,T,SNP,S
